{"cameraMode":{"drawMode":0,"name":"Shaded","section":"Shading Mode"},"sceneLighting":false,"audioPlay":false,"sceneViewState":{"showFog":true,"showMaterialUpdate":false,"showSkybox":false,"showFlares":true,"showImageEffects":true,"showParticleSystems":true},"in2DMode":false,"pivot":{"x":5.106939315795898,"y":2.9055614471435549,"z":6.725576400756836},"rotation":{"x":-0.00524170370772481,"y":0.8575131297111511,"z":-0.5143782496452332,"w":-0.008748139254748822},"size":4.069912910461426,"orthographic":false}