{"cameraMode":{"drawMode":0,"name":"Shaded","section":"Shading Mode"},"sceneLighting":false,"audioPlay":false,"sceneViewState":{"showFog":true,"showMaterialUpdate":false,"showSkybox":false,"showFlares":true,"showImageEffects":true,"showParticleSystems":true},"in2DMode":false,"pivot":{"x":5.094829559326172,"y":0.9463920593261719,"z":3.8078432083129885},"rotation":{"x":-0.41600823402404787,"y":-0.09167468547821045,"z":0.042197175323963168,"w":-0.9037482738494873},"size":0.90739506483078,"orthographic":false}