{"cameraMode":{"drawMode":0,"name":"Shaded","section":"Shading Mode"},"sceneLighting":false,"audioPlay":false,"sceneViewState":{"showFog":true,"showMaterialUpdate":false,"showSkybox":false,"showFlares":true,"showImageEffects":true,"showParticleSystems":true},"in2DMode":false,"pivot":{"x":9.49734878540039,"y":1.7232065200805665,"z":7.6593918800354},"rotation":{"x":-0.34693196415901186,"y":0.0075942156836390499,"z":-0.0028092656284570696,"w":-0.9378552436828613},"size":1.0849751234054566,"orthographic":false}